{
  "img_height": 32,
  "img_width": 32,
  "num_channels": 3,
  "num_classes": 100,

  "mean_old": [0.485, 0.456, 0.406],
  "std_old": [0.229, 0.224, 0.225],

  "mean": [0.4913725490196078, 0.4823529411764706, 0.4466666666666667],
  "std": [0.24705882352941178, 0.24352941176470588, 0.2615686274509804]
}
